{
  "document_count": 4000,
  "indexing_time_seconds": 61.74495792388916,
  "index_size_mb": 24.19106960296631,
  "timestamp": 1747325398.5653427
}